{"K1": [[1149.67569986785, 0.0, 508.848621645943], [0.0, 1147.59161666764, 508.064917088557], [0.0, 0.0, 1.0]], "K2": [[1145.51133842318, 0.0, 514.968197319863], [0.0, 1144.77392807652, 501.882018537695], [0.0, 0.0, 1.0]]}